domainname,metatitle,metadescription,email,emaildescription
messages.exchange,BL.INK - Login,"Log in to your BL.INK account or create
 a new account to explore a wide range of
 Link shortening tools to grow your brand.",help@bl.ink,customer support team
gardnerstainless.com,Gardner Industries LLC,"Stainless Steel Kitchen Products of the highest quality. 
Commercial Kitchen Equipment manufacturing and
 fabrication for food and food processing companies. 
Metal Product Design services give your company the 
benefit of producing a valuable product line. Stainless 
Steel Steel Aluminum Construction Oregon Emerging 
Small Business ( ESB ) certified.",gardnerstainless@gmail.com,Our Office
inland-comm.com,Inland Communications | Multi-site connectivity for last mile communications in rural Alberta,"What We Are About Inland Communications Inc. was
 incorporated in 1997 in order to provide safe and secure 
Facility, infrastructure and multi-site connectivity",admin@inland-comm.com,Headquarters
ftdr.com,Home | Frontdoor Home,"Frontdoor home service plans protect and maintain your
 home by covering the repair or replacement of 
Your home's systems and appliances",mediacenter@frontdoorhome.com,HSA
energy-consulting.biz,Our Services | American Diversified Energy Consulting Services,"Our team of experts provide: business publications & 
proposal services | grant, funding & financial services | 
engineering, environmental & design-build services | 
government relations & lobbying | technology development
 | and more |",info@americandiversified.energy,Consulting Services
